,date,tv,youtube,facebook,search,sales,tv_adstock,youtube_adstock,facebook_adstock,search_adstock,tv_sat,youtube_sat,facebook_sat,search_sat
0,2021-01-03,24981.6047538945,512.6539596155467,798.4583118867097,6946.038172242368,13396.838847362354,24981.6047538945,512.6539596155467,798.4583118867097,6946.038172242368,0.16439334645973902,0.0954358867387709,0.25010941447643276,0.47620250786094653
1,2021-01-10,48028.57225639665,902.0201285437466,858.7297271288571,4951.309116558179,15890.848521381706,65515.6955841228,1158.34710835152,1178.113051883541,6340.516751006653,0.37562505406766555,0.2027872163779828,0.34602475183038395,0.4458269955815707
2,2021-01-17,39279.7576724562,1871.8344734164648,1443.2813753309654,5700.277729065183,14852.749319413975,85140.74458134215,2451.0080275922246,1914.5265960843817,6968.381079266514,0.45778476955352243,0.38093571594514986,0.4984980926467063,0.4772908957559284
3,2021-01-24,33946.33936788146,2229.737994231733,1579.036700044056,7979.767505070053,18527.788950692848,93544.86057482095,3455.2420080278453,2344.847338477809,9373.443720923355,0.4895746933073688,0.49136630462689146,0.5705584936243846,0.5821498896855662
4,2021-01-31,16240.74561769746,2129.9031487565017,1645.6843743339423,2293.465623124783,17523.07876831993,81722.14802007211,3857.5241527704243,2583.623309725066,4168.154367309455,0.4442936888342265,0.5298646916076766,0.6059760616518854,0.3216144929417841
5,2021-02-07,16239.780813448106,1060.6732736513995,1642.3508427507415,4019.495554752166,18044.602832531746,73445.28442749858,2989.4353500366115,2675.800166640768,4853.126428214056,0.41022340617340625,0.44283334375530803,0.6188535120675969,0.3635235692889722
6,2021-02-14,12323.34448672798,2280.44805336884,455.0503751827736,7706.796687076419,19355.11545622264,63735.04358597698,3775.165728387146,1525.370441839081,8677.42197271923,0.36758078259556815,0.522227735155066,0.42297229373618617,0.5541779871732316
7,2021-02-21,44647.045830997406,1093.1227187420002,1140.5145179943884,9161.654701497597,19910.924732089185,89261.5763411813,2980.705582935573,1750.6626947300208,10897.139096041443,0.47361250713910197,0.44188088889909705,0.46798216579016294,0.6374100981594656
8,2021-02-28,34044.60046972835,1313.4992453981697,397.8498920282953,6093.419536925328,18150.56995883645,96527.70390855525,2803.8520368659565,1098.1149699203036,8272.847356133618,0.500403830422087,0.42223092691875286,0.3268910631244193,0.5370661462999455
9,2021-03-07,38322.90311184182,2366.2285127950604,1234.1990999503505,6256.907882122525,18224.772239292703,105892.2958478305,3768.1545312280386,1673.445087918472,7911.477353349248,0.5329312974030568,0.5215718969583709,0.452965217995687,0.5212270996843384
10,2021-03-14,10823.379771832098,2124.0822476180365,1050.601852334741,2857.3760907182086,20900.75172155365,84947.98686531345,4008.159513232056,1719.9798875021297,4439.671561388059,0.45703286299410195,0.5435184242473062,0.46206510533932676,0.3385472931893557
11,2021-03-21,48796.39408647977,2623.058526235445,1809.0971106891093,5579.298934587638,19999.56596560343,108259.98489219918,4627.1382828514725,2497.089065689961,6467.233246865249,0.5408143402637489,0.5955842160675329,0.5934912319890651,0.4523260712944749
12,2021-03-28,43297.70563201687,2144.0322307508586,896.5555213385338,6260.938131640185,19845.27858358443,119079.69505655629,4457.601372176595,1895.391147614518,7554.384781013235,0.5751782125647249,0.5819446421161294,0.495026804136492,0.5050432654676946
13,2021-04-04,18493.564427131045,1920.771508338679,499.01392792693,3939.764029077837,18793.074955330027,101849.35096672043,4149.572194426976,1257.1703869727373,5450.6409852804845,0.5191565133783909,0.5559751289202699,0.364399040795632,0.39796172636568106
14,2021-04-11,17272.998688284024,734.1869195702312,543.0858594898209,4153.945847595048,17949.407845470847,88567.54436498831,2808.9730167837192,1045.9540142789158,5244.0740446511445,0.47097952209805216,0.42280952301511376,0.31411488222216155,0.3862721252639244
15,2021-04-18,17336.18039413735,1419.2895076485838,1594.5680739197028,5018.273304836981,17979.393609270865,79333.46144962916,2823.776016040443,2012.9496796312692,6067.0881137672095,0.43466830013694147,0.4244787899799931,0.5159791944606513,0.43153934506698965
16,2021-04-25,22169.68971838151,1163.0059192043136,1350.9707076376435,2160.569582221811,16874.929660325735,77703.11273312192,2574.893927224535,2156.1505794901514,3373.987204975253,0.428003134850514,0.39576057584306623,0.5403308999756409,0.2695580888087773
17,2021-05-02,30990.257265289518,1109.9741084477089,471.9085494087434,4576.633324665427,17221.089696909985,85382.43617847486,2397.4210720599767,1334.368781204804,5251.430765660478,0.45872608557309413,0.37441103663519004,0.38184298546016826,0.3866923132491077
18,2021-05-09,27277.80074568463,2932.526386881114,442.9815703954956,3691.584055972357,18206.972611079284,87045.50607061703,4131.236922911103,976.7290828774172,4741.870209104452,0.4651590831459802,0.554379398437314,0.29678384080378983,0.3568969826337104
19,2021-05-16,21649.16560792168,1482.744311666901,1491.647523480504,4619.978817423317,17676.893618777904,82581.0198573536,3548.3627731224524,1882.339156631471,5568.352859244208,0.44771437337976583,0.5005493573623203,0.49264531880011164,0.40452316603110494
20,2021-05-23,34474.11578889518,2730.116387942783,423.69711081912897,2958.097054554009,17348.42707588234,92280.8296890427,4504.29777450401,1176.6327734717174,4071.7676264028505,0.48491514188099494,0.5857467154917051,0.3456756908203311,0.31549978052959915
21,2021-05-30,15579.754426081672,2077.846564993157,1697.1621007936055,9124.21824591916,18816.715824976047,80176.33520841156,4329.995452245162,2167.8152101822925,9938.571771199731,0.4380836103350608,0.5713759079980606,0.5422596870931775,0.6035652447315225
22,2021-06-06,21685.78594140873,2487.0282588541213,1500.6117861660437,6748.7396284323895,18279.084864584194,77809.22058729682,4652.025984976703,2367.7378702389606,8736.453982672336,0.4284393040390557,0.5975486690830198,0.5740874807388646,0.5566213528282546
23,2021-06-13,24654.47373174767,1756.5927327629802,438.2929270912296,7432.818553155917,19280.39777627877,79120.92814285544,4082.6057252513315,1385.388075186814,9180.109349690383,0.4338038466977623,0.5501191623628107,0.3931078628350083,0.5745610386211115
24,2021-06-20,28242.79936868144,1942.2597115658975,444.2241139448263,8313.369908858705,14988.350595521772,83627.44906868025,3983.5625741915633,998.3793440195519,10149.391778796782,0.45185361202223595,0.5413163323794747,0.30225071536785797,0.6112700358970437
25,2021-06-27,41407.03845572054,1731.2942345471597,1977.2872834519983,5987.537591432458,19136.52138857789,99946.2528037967,3723.0755216429416,2376.6390210598192,8017.415947191814,0.5125325381357407,0.5173335808868211,0.5754519091129258,0.5259257823987594
26,2021-07-04,17986.95128633439,988.1074694951112,936.2603527854044,2695.3623046993894,17422.05460329391,87949.32824899207,2849.645230316582,1886.9159612093322,4298.845494137752,0.4686230749391095,0.42738436206786334,0.4934816852016186,0.3298183021235409
27,2021-07-11,30569.377536544464,2306.130288153763,930.0916500137146,6296.852334548382,14917.441865320226,92133.90731083891,3730.9529033120543,1684.8580344974475,7156.621433375933,0.4843707952323567,0.5180769080883381,0.4552111696607988,0.48637129970522086
28,2021-07-18,33696.5827544817,1201.9309061021395,1681.7592643377543,6694.728944167033,16627.08244787838,98190.31787206893,3067.4073577581667,2355.7024781367336,8126.053230842219,0.5063398732071211,0.45126865393010196,0.5722356391485217,0.5306962738882082
29,2021-07-25,11858.016508799908,560.7899160786346,1910.32258155256,7963.51579347464,15662.701205504096,80591.23901924815,2094.493594957718,2852.6035728072534,9588.726439643084,0.43975720780972316,0.3362124760717162,0.6423875869340243,0.5904410840800427
30,2021-08-01,34301.79407605753,2113.6807397679195,1976.2018084988808,5453.276369837435,15261.400070328153,90715.66138953123,3160.9275372467782,3117.243237621782,7371.021657766051,0.47908653241557253,0.46121774942044225,0.6749260995949731,0.49652161906001036
31,2021-08-08,16820.964947491662,942.7766985176224,1580.7429149402008,3020.64242236451,14331.835030959395,80321.92792016352,2523.2404671410113,2827.6402099889137,4494.84675391772,0.4386714562526557,0.38962308964806136,0.6391549870907008,0.3419362024465812
32,2021-08-15,12602.06371941118,2851.1464608822857,939.6412954025568,4270.207246389796,13863.455596800328,68827.41326352564,4112.766694452792,2070.6973793981224,5169.17659717334,0.3903149429847341,0.5527661243284361,0.5259508434522576,0.38197784832372406
33,2021-08-22,47955.42149013333,2884.8214425064684,441.9512183877369,4904.658371189081,17762.519954304276,96134.61077460129,4941.204789732865,1270.230170146986,5938.493690623749,0.4989899658800677,0.6196866266235415,0.3673842816459668,0.4246930287834173
34,2021-08-29,48625.28132298237,2787.1609755511213,1621.1497570766426,7167.3379306528095,17804.870529331427,115919.50886520327,5257.763370417553,2129.241825135437,8355.036668777559,0.5654161489676336,0.642526918915959,0.5358503874561058,0.5405947757142122
35,2021-09-05,42335.89392465845,1425.3967506386111,1249.2872245508686,6566.226437351295,17457.892964003775,123479.55013030073,4054.2784358473878,2100.9839546050434,8237.233771106807,0.5884055988139194,0.5476188616096225,0.5310982171773012,0.5355287458965327
36,2021-09-12,22184.55076693483,538.6415413221686,1021.1774157198596,4848.77380718277,15607.223760608347,108620.23585814534,2565.7807592458626,1861.570997561877,6496.220561404131,0.5420020508809075,0.394682246677063,0.48883275511263924,0.4538020374299341
37,2021-09-19,13906.884560255356,2820.7964064693133,1840.8024546610511,9892.121990343838,14802.922726484256,89941.0496609571,4103.686786092245,2585.430853685802,11191.366102624665,0.4761775646517449,0.5519709036544249,0.606232717249937,0.6472071644766415
38,2021-09-26,37369.32106048628,1570.4603707932858,489.03571992045727,6846.198554855097,14902.536097161048,100328.05582315625,3622.303763839408,1523.208061394778,9084.47177538003,0.5138687290937336,0.5077227713995836,0.4225223286733033,0.5707562299400463
39,2021-10-03,27606.099749584053,2916.637047609174,1137.4626772944607,3897.814333887956,15992.293282404686,97835.73882579342,4727.788929528878,1746.7459018523718,5714.708688963962,0.5050798625709174,0.6034702961447568,0.46723046643819743,0.4125816211738276
40,2021-10-10,14881.529393791152,2909.049942723132,319.3011961046124,2814.25978096323,13293.295192637932,83366.54657184654,5272.944407487571,1017.9995568455613,3957.2015187560223,0.4508245025116778,0.6435871136806476,0.30716826726127555,0.30816005132322166
41,2021-10-17,29807.076404450807,2632.5236386684,1096.7230913900148,3222.8731134746563,15800.060656900772,88163.65900474339,5268.995842412185,1503.9229141282394,4014.3134172258606,0.46944122331753224,0.6433116615416119,0.4184937730513911,0.31182873611935813
42,2021-10-24,11375.540844608737,1236.1222301739642,395.7155686591235,3967.661827076065,13638.002055801922,73090.1021479291,3870.620151380057,997.2847343104193,4770.524510521237,0.4087155050718775,0.5310677616243543,0.30197533997565007,0.35861024329870206
43,2021-10-31,46372.81608315128,1462.7443215048131,501.9904576557223,3285.4509860764456,14229.970925578098,97535.88758670163,3398.054397194842,900.90435137989,4239.555888180693,0.5040118199195588,0.4856432924452987,0.27729754306829013,0.32610891243710827
44,2021-11-07,20351.19926400068,2627.8416787921424,499.7946195210783,3492.5361924104463,15651.422035011588,88626.32057469182,4326.868877389563,860.1563600730343,4340.447370046585,0.4712030139762504,0.571113628747586,0.2666035468929844,0.33240888177072336
45,2021-11-14,36500.89137415928,1292.305012890694,1403.657513597308,4280.761349550777,15949.823736932894,98539.31577644355,3455.7394515854753,1747.7200576265218,5148.850823560094,0.5075769184897462,0.49141580557172215,0.467417522715054,0.3808072866646819
46,2021-11-21,22468.44304357644,923.7318667152311,1568.2762947512197,3386.988762358039,14787.885218089948,91445.96408708692,2651.6015925079687,2267.3643178018283,4416.758927070057,0.48181430615629794,0.4047613242948809,0.5583946570703363,0.33713485548114197
47,2021-11-28,30802.720847112432,1892.0031561458757,1291.7269006651711,9174.1233970114,17694.766332089926,94814.89570807328,3217.80395239986,2198.6726277859025,10057.475182425413,0.49421392662564234,0.46718009304454855,0.5473231344042903,0.6079293654671567
48,2021-12-05,31868.411173731187,2840.3869354019525,1935.6933324067213,2641.8699652931377,15711.54015285148,98238.83816938248,4449.288911601882,2815.162383521082,4653.36500177822,0.5065120423030072,0.5812641826143282,0.6375282495431286,0.3515762431951157
49,2021-12-12,17394.17822102108,2240.074491687433,937.2799851902968,6196.091116562037,17366.658082950962,86161.3649395888,4464.718947488374,2063.3449385987296,7126.764116917681,0.4617486728459993,0.5825264092611551,0.5246927545920737,0.4849416291121983
50,2021-12-19,48783.38511058234,1925.1529252234125,785.7105466791633,5283.174615917293,17717.602079120952,109096.3405682945,4157.512398967599,1611.048522118655,6708.527439300829,0.5435670078823823,0.5566643957385828,0.44052151157724295,0.4644916386909719
51,2021-12-26,41005.31293444458,742.9412344269214,1776.6185179220824,9859.028935268852,17330.304925945955,117372.75133225073,2821.697433910721,2421.0379267695444,11200.734423129019,0.5699328818305205,0.42424468938395665,0.5821926730863116,0.6475147205669531
52,2022-01-02,47579.95766256756,2037.5180667479244,680.1129254830695,2896.3112173444188,17523.74081159806,129740.88359514307,3448.366783703285,1648.5280961908873,5136.458101970223,0.6065222432415931,0.4906816527325387,0.44802958126898973,0.38009250190006727
53,2022-01-09,45793.09401710596,2975.134625260658,1937.4783170490396,5182.844792365933,17358.185593145026,136611.7125337061,4699.3180171123,2596.8895555253944,6210.136412759978,0.6254861052513118,0.6012553000969297,0.6078558690919373,0.4390594987942028
54,2022-01-16,33915.9991524434,850.21003809131,320.6626069726878,9755.76346620295,18986.51552083178,129544.19792603767,3199.86904664746,1359.4184291828456,10997.790748754946,0.6059654686256102,0.46530713771108567,0.38739974797297516,0.640791802833794
55,2022-01-23,46874.969400924674,1795.824130909342,1948.7940054029864,8924.057007151841,18831.54416831171,137555.90794915103,3395.758654233072,2492.5613770761247,11123.61515690283,0.6280196938779579,0.485412207904534,0.5928272111970031,0.6449749410015835
56,2022-01-30,13539.70008207678,2693.432679819889,373.3718503159794,8536.576567594238,18256.67881341824,109828.8356464825,4391.312006936425,1370.3964011464293,10761.299598974805,0.5459642846348522,0.5764872807205718,0.38981922216765286,0.63279561626141
57,2022-02-06,17839.314496765808,2351.921544385511,1814.9432932867207,4063.222616359519,19686.07254722539,94719.49944930355,4547.577547853723,2363.1018537452924,6215.482536154481,0.493866928937715,0.589239720113949,0.573375105082548,0.4393386116966407
58,2022-02-13,11809.091556421525,2242.53935248817,1197.0918854467095,3367.1006991205268,17043.284217301218,78112.74117093401,4516.328126415032,2142.3326269448266,4610.197206351423,0.429685126625619,0.5867206257982314,0.5380355345618184,0.34896514052086625
59,2022-02-20,23013.21323053057,2256.210209967773,1988.0401534028103,7349.145759395448,17748.982529092074,77692.13205018437,4514.374273175289,2844.973204180741,8271.185200665734,0.4279579784224963,0.5865626085961515,0.6414025868395872,0.536994506165448
60,2022-02-27,25547.09158757928,1398.727878049388,425.4541600501781,9435.007913020689,17315.837292533273,79931.58402270834,3655.9150146370325,1563.4434417224747,11089.244953153835,0.43709401399108616,0.5109494291301355,0.4308376368585828,0.6438371347357902
61,2022-03-06,20853.961270955835,1233.9796106612334,1241.5522834822457,6454.103144111438,19261.975821666296,76806.07008685167,3061.93711797975,1866.9296601712356,8671.952134742205,0.42430240559834187,0.4506810506065425,0.48981921807638407,0.5539509072399293
62,2022-03-13,43149.500366077176,2523.402888696284,1947.814310552468,6572.901515759198,18852.23371692894,96913.74942687334,4054.371447686159,2694.586174620962,8307.29194270764,0.5017884629595959,0.5476270939714809,0.6214259060582991,0.5385482411313345
63,2022-03-20,24270.13306774357,2525.283486697952,1189.266335089253,4239.832749282274,21429.68570866497,92109.75766655491,4552.469210541031,2267.100804937638,5901.291137823801,0.4842812658919792,0.5896326570183794,0.5583527065342574,0.42269704561888277
64,2022-03-27,21237.38038749523,2667.680796450259,1369.9776848299464,8155.943465535495,18036.005484412177,85714.21075408367,4943.915401720775,2276.8180068050015,9336.201693100256,0.46001558693286926,0.6198882679193903,0.5598970259528377,0.5806986500357506
65,2022-04-03,31707.843326329938,2783.101381391178,1482.7727712738492,3496.349988460187,21609.825062479216,91707.7908541885,5255.059082251566,2393.49997399585,5363.590327080238,0.48278878008403314,0.6423377294752303,0.5780244992273702,0.39306293056422614
66,2022-04-10,15636.968998990504,1778.3559971523446,1072.7198101052145,4589.43389123395,19237.82576459905,79832.42259692245,4405.885538278128,2030.1197997035545,5662.151956649997,0.43669258116836795,0.577693143598834,0.5189657787375819,0.4097004371942168
67,2022-04-17,42087.87923016159,1753.790736717999,1366.848736142908,5403.491508931335,19522.00317628307,97970.5750480073,3956.7335058570625,2178.89665602433,6535.921900261335,0.5055593869173585,0.5389022899702656,0.5440845456240673,0.45581708404054777
68,2022-04-24,12982.025747190832,2495.737947416938,1293.3343302692704,6060.883029475641,18854.4924983911,81561.42828079594,4474.10470034547,2164.8929926790024,7368.067409527908,0.4436512305815311,0.5832923322575945,0.5417772494247233,0.4963831286368917
69,2022-05-01,49475.47746402069,2124.909826944413,1831.9686178346813,3939.277859320642,20158.85337686722,106568.47726057784,4361.962177117148,2697.9258149062825,5412.891341226224,0.5351962977210296,0.5740483174149436,0.6218813867154279,0.39584223074076397
70,2022-05-08,40889.7907718663,2254.9171931442584,377.2588465804784,2918.694597913628,18805.14380126615,115487.72485427078,4435.898281702832,1456.4291725429914,4001.2728661588726,0.5640650293000864,0.5801656933101287,0.408452368119667,0.3109927706594212
71,2022-05-15,17948.627261366895,2489.4816735902527,777.6374223067916,6884.9603395330605,20312.25298123533,98790.03465935645,4707.430814441668,1360.209091323988,7685.214912764835,0.5084636936978694,0.6018877215655685,0.3875743249516511,0.5110351729461827
72,2022-05-22,10220.884684944096,2725.013354543916,1915.69952293015,4309.044425922046,18793.945858726496,79373.90894649361,5078.728761764751,2459.783159459745,5846.087408475013,0.43483266587161673,0.6297832469380513,0.5879875702775749,0.41972249845854503
73,2022-05-29,42618.45713819336,1344.9878921288396,1813.4484326145575,6649.905771380898,19335.748287160342,98180.19340073888,3884.352273011215,2797.3616963984555,7819.123253075901,0.506303940027425,0.5323259629317997,0.6351948677152928,0.5170929492144575
74,2022-06-05,38274.29375390468,1438.95738159986,1074.616479735712,3234.9017221936183,17760.446568946078,107000.4291344219,3381.1335181054674,2193.561158295094,4798.726372808798,0.5366374511823171,0.4839376338653275,0.5464882718296753,0.3602919955641086
75,2022-06-12,39160.286721639495,734.9548496021725,1354.2254162626125,5849.120814838539,17901.075400284175,114060.58711573482,2425.5216086549062,2231.64987958065,6808.866089400299,0.5595693340542056,0.3778410519509303,0.552672529793116,0.46947061305762405
76,2022-06-19,40850.81386743783,1945.7003524904349,771.5480110679255,6260.715460412687,18368.985482516506,120693.2248484522,3158.461156817888,1664.2079629001855,7622.488678292747,0.5800776559637432,0.4609576952521448,0.45114066800932984,0.5081714716967352
77,2022-06-26,12961.786069363614,589.8556844918552,619.8059715303942,2414.588294579415,14341.4185685557,97447.04346328015,2169.0862629007993,1285.4891566904685,3939.0860302379647,0.5036949228851448,0.3458296099815621,0.3708544658845492,0.30699228980568494
78,2022-07-03,24338.629141770904,1663.9950453311503,1088.2872883979696,4692.834225551365,15274.762589429927,92551.559566067,2748.5381767815497,1602.482951074157,5480.651431598958,0.4859166900394528,0.4159441783060295,0.43879133223425815,0.39964138963429163
79,2022-07-10,14634.762381005188,1856.6115867689416,900.6987876442898,3075.317415511794,16563.62571806262,79420.85407725208,3230.8806751597167,1541.6919680739527,4171.447701831586,0.43502337600033014,0.46854156779432954,0.4263573134686718,0.32182245209458016
80,2022-07-17,44524.13703502374,1216.353130320711,1292.2153901464826,2506.999763782142,16246.219738663587,100118.73488910019,2831.7934679005693,1908.8921773760637,3341.2893041484595,0.5131366256073608,0.42538086529445673,0.4974784603704666,0.26733119792025306
81,2022-07-24,34931.92507310232,1977.083151422527,432.14888284047424,9919.681859119562,16821.597195552706,105015.03949547245,3392.9798853728116,1195.7057537908997,10587.939719949254,0.5299763011039355,0.4851323641305363,0.3501590159990151,0.6268211660579939
82,2022-07-31,23235.920994105967,576.2506248476236,1956.471173032483,4578.830759797784,16193.19024347498,96746.44864093668,2272.7405675340297,2434.753474548843,6696.4187037876345,0.5011888756931614,0.35896271914882016,0.5842532877423795,0.4638876315622221
83,2022-08-07,12542.334011440946,593.3704718730361,1976.558265615325,8478.995566837079,16048.240828413052,80264.84806009663,1729.7407556400508,2950.459655434862,9818.279307594607,0.4384410636260414,0.2871101249603196,0.6547825083819725,0.5991007079928434
84,2022-08-14,22439.29286862649,2556.501401649145,1486.8749138335668,4037.125238110111,15307.902574301568,78624.68651069413,3421.37177946917,2667.0587760075114,6000.781099629032,0.43178029423706843,0.48798449835850066,0.6176505896218227,0.4280194216487606
85,2022-08-21,23007.33288106988,1400.4766035281573,1211.363822785005,7452.021777791434,14988.833950976086,78044.61343855577,3111.1624932627424,2278.1873331880097,8652.177997717241,0.42940572789463394,0.45594618690393396,0.560114213461558,0.553129020045952
86,2022-08-28,39184.24713352256,817.651281629712,826.1969476867572,8081.822879117492,15847.343987969984,93815.47654051159,2373.232528261083,1737.4718809619612,9812.25847866094,0.49056676408919875,0.37144338750600503,0.4654463863552055,0.5988759342877683
87,2022-09-04,35502.29885420852,1805.6081501370109,1683.4515335018127,6765.109924862754,15155.864463832158,101173.13243256664,2992.2244142675527,2378.4402858865974,8727.561620594943,0.5168132218322071,0.44313729983122596,0.5757274869059337,0.5562541517943298
88,2022-09-11,45488.50970305306,2424.983882746528,1464.0429933415949,5772.609508401267,16833.764464189306,116309.7024058497,3921.096089880304,2415.419107696234,7518.121832520255,0.5666335232005496,0.5356760266798941,0.5813455593067656,0.5033694952308263
89,2022-09-18,28888.59700647797,1039.552568742108,576.4487968863152,5294.727313178148,13607.597993849233,110305.38869057276,3000.10061368226,1542.6164399648087,6798.351679682199,0.5475171612980592,0.44399476391061077,0.4265484499363874,0.46895104897511075
90,2022-09-25,14783.769837532069,2057.2261895475003,1848.576213639532,4790.946132343963,16465.06719948035,91997.541920933,3557.27649638863,2465.6227896254554,6150.616468280403,0.48386504743115566,0.5014196368734883,0.5888539721437804,0.43594265305065516
91,2022-10-02,38529.7914889198,713.3686624844199,1698.3133129693872,9436.233153982606,16315.396447687332,102928.07083357289,2492.006910678735,2684.5624288195695,10666.356447638687,0.5228710867420995,0.38588170063738636,0.6200555085829795,0.6295355648229155
92,2022-10-09,40431.4019446759,629.2043029215192,1914.6598525962709,8644.955262301833,16085.28118085444,112481.0515281769,1875.2077582608867,2988.484824124099,10778.226551829572,0.5545394894568783,0.30711367380438914,0.6594822240802455,0.633373814421152
93,2022-10-16,32451.08790277985,1828.38657892037,1533.723164260212,9720.2152853321,17260.03502819855,111187.82397250368,2765.9904580508137,2729.1170939098515,11875.860595698015,0.5503786205359873,0.4179350853742463,0.6261090725807634,0.6689871676055621
94,2022-10-23,40838.68719818244,1851.5878040252665,1342.8058330908427,2994.377787884358,17427.959988775878,118670.16397893502,3234.5830330506733,2434.452670654783,5369.549907023961,0.5739256121108101,0.468926404153559,0.5842082043517551,0.3933995746965422
95,2022-10-30,29751.82385457563,2093.5747537455163,1011.013161694052,7846.939801629154,17321.39124837032,112820.93863983014,3710.866270270853,1984.7942299559654,8920.849783033947,0.5556266479227352,0.5161792226064799,0.5110416270514748,0.5641676806614806
96,2022-11-06,30909.313175279764,2315.228334306654,1885.6384217018224,9506.723654568304,15217.20148559451,109883.97022316085,4170.6614694420805,2679.556113684209,11290.893611175094,0.5461442162304295,0.5578034773056249,0.6193692132866646,0.6504609179300561
97,2022-11-13,27101.640734341985,2939.6301986563367,1772.3086121506942,3449.864529325281,15551.61780985527,104020.41989055458,5024.960933377377,2844.1310576243777,5708.043251560301,0.5266033515463966,0.6258680771579829,0.641293708497536,0.4122169989427812
98,2022-11-20,11016.765069763807,1790.7508707529882,376.871739180522,2531.97013893422,14359.410332995583,83831.05899315201,4303.231337441677,1514.5241622302733,3673.5787892462804,0.45265539553030343,0.5691255442265887,0.4207117781689077,0.2896492554058503
99,2022-11-27,14315.657079732178,1307.3911823531148,344.8238566453284,7928.965194320473,15185.186894876584,72997.39837493858,3459.0068510739534,950.6335215374378,8663.680952169729,0.40832130375738807,0.4917408269822391,0.2901375319359488,0.5536073099798837
100,2022-12-04,11257.16742746937,2487.9654869217597,939.9877236926844,6595.784905439296,15934.63172924308,62355.346289926376,4217.468912458737,1320.2411323076594,8328.521095873242,0.36127667015310627,0.5618346259071977,0.37868684891791804,0.5394593328383063
101,2022-12-11,35456.416450551216,1177.0806281551854,1677.940662329116,8734.630214066176,16306.3623449248,79105.15885349968,3285.8150843845538,2206.03711525218,10400.334433240823,0.4337396543746589,0.47422312813160983,0.548523283579232,0.6202462175651442
102,2022-12-18,22574.239243053067,1597.4285517640903,1978.3694198354056,3118.179013010316,16926.031453471067,77947.85044050284,3240.336093956367,2860.7842659362777,5198.245899658481,0.4290086577551141,0.46952384507652556,0.643440622961744,0.38364810547082207
103,2022-12-25,30342.82764658811,696.1409533556649,555.7087148759979,8362.138494879122,16095.851899277275,84906.32295494009,2316.3090003338484,1700.022421250509,9401.787674810817,0.4568702040101703,0.3644038754480965,0.4581811071577987,0.583251024000259
104,2023-01-01,46302.65895704372,563.3768585386438,1310.0222160986298,3613.018560381957,16185.232355670869,105737.08502550179,1721.531358705568,1990.0311845988335,5493.376095344121,0.5324098331659851,0.2859641682497548,0.5119638195337509,0.4003521644868162
105,2023-01-08,19971.689165955,2906.6210366948126,947.5144562727364,3309.247542925636,16042.617476998445,93987.64868380624,3767.3867160475966,1743.5269301122698,4407.92276199446,0.4911969386211529,0.521500019670397,0.46661189581757834,0.33658934908002325
106,2023-01-15,26415.31692142519,2589.9503012805144,1948.8544762848253,3314.126383447943,17275.106834461614,92206.67100008955,4473.643659304313,2646.2652483297334,4195.710935846835,0.4846404561878652,0.5832547419091765,0.6147738667806314,0.3233526017118974
107,2023-01-22,40222.04554172195,2239.935515234245,1731.6021693307048,8516.597761851057,18131.93317728277,104766.71524178464,4476.757344886401,2790.108268662598,9355.739949020424,0.5291364427380936,0.5835085461224406,0.634239758848806,0.5814606401616569
108,2023-01-29,19151.926619664897,1522.3823610356746,1725.1587980089344,7321.577765569601,18099.872253619666,92488.62728891414,3760.761033478875,2841.2021054739735,9192.725755373685,0.4856840499064644,0.52087932250907,0.6409147764748381,0.5750604404042485
109,2023-02-05,13079.19639315172,933.2358001771144,1096.7783716514496,6184.5233981529545,19007.356774801552,77821.23549539161,2813.616316916552,2233.259213841039,8023.068549227692,0.4284886718069367,0.42333364736907564,0.5529319636216867,0.5261751917246849
110,2023-02-12,21590.05811655072,891.0926066777151,1005.1931539740308,4870.64387298802,16760.742630458284,76064.92296332485,2297.900765135991,1898.4968395104465,6475.257582833558,0.4212267634265737,0.3621105726771271,0.4955918248380409,0.4527350504475489
111,2023-02-19,16448.851490160177,1125.6072454114883,764.7920222822006,9017.604326504868,20616.122062128063,69694.29756448757,2274.557627979484,1524.1907580863792,10312.65584307158,0.3941027995712957,0.3591905755060958,0.422726859379125,0.6171337735135899
112,2023-02-26,47187.90609370292,1873.0666617653008,395.8383443065761,5139.560859381083,19415.37882090162,95973.91438884422,3010.3454757550426,1005.5146475411278,7202.092027995399,0.49841082681532645,0.44510812360990626,0.3040431122807602,0.48854096744908104
113,2023-03-05,42324.81518257668,2286.489806750156,1770.0280396335904,8532.795515772617,20512.3522209566,109506.55525476763,3791.662544627677,2172.2338986500417,9973.213921371698,0.5449110950625249,0.5237673286595814,0.5429882171199717,0.6048417089497373
114,2023-03-12,35336.15026041694,2150.493441794328,1681.9317155211318,5513.079268561747,19470.128092908693,111990.73893875428,4046.3247141081665,2550.8252749811486,7507.722052836087,0.5529664944265915,0.5469143331721451,0.6012898592455289,0.5028884344051434
115,2023-03-19,44858.42360750871,1199.834742364857,1999.520044586422,5015.555435399261,20793.50917100247,123251.9408646367,3222.9970994189403,3019.8501545788813,6517.099845966479,0.5877315455650189,0.46772119129528233,0.6633106260146535,0.45486269666346646
116,2023-03-26,42146.88307596458,2887.163201657985,1994.2826230256392,5701.438285356851,20272.57401929672,128423.24168121026,4498.6617513674555,3202.222684857192,7004.858254550147,0.6027772103588721,0.5852896653132107,0.6847332262046011,0.4790629469818176
117,2023-04-02,17462.802355441432,2344.742291739421,1244.2338995244668,4411.022993313137,20212.09723197733,107359.0715322886,4594.073167423148,2525.1229734673434,5811.994644223167,0.5378306209391246,0.5929594574660011,0.5975785811426757,0.41787782481616953
118,2023-04-09,45702.35993959911,1885.8851312785016,1607.2786058068675,7980.875041410009,23199.034132495777,120853.71001220113,4182.921714990076,2617.327795193805,9143.273970254642,0.5805618649009341,0.5588629247019148,0.6107344012722812,0.5730996037149174
119,2023-04-16,31573.68967662603,2029.3018655858807,1906.101740800128,6021.7631207398335,20413.926232042628,116171.28668516682,4120.7627230809185,2953.03285887765,7850.417914790762,0.566202067441611,0.5534652496721995,0.6551025793298275,0.5184978107695342
120,2023-04-23,42297.6062065625,1549.0001560694748,1744.4005641515994,3857.701561174538,21043.85030960685,123617.50688617927,3609.3815176099342,2925.6137077026597,5427.78514413269,0.5888136141827645,0.5064765862655662,0.6516766944857533,0.39667934959121753
121,2023-04-30,45843.65199693973,1119.3274737528936,720.491772963436,9196.596586196549,19062.030981008676,132375.9068172652,2924.0182325578608,1890.7372560444999,10282.153615023086,0.6139059935582056,0.4356563189956504,0.4941789333376201,0.6160450249501377
122,2023-05-07,22720.13899887456,1389.931696628154,1065.925030027159,5071.129770985692,19101.966984200197,115383.27377096021,2851.9408129070844,1822.2199324449589,7127.56049399031,0.5637375550423296,0.42764148705666805,0.4815300428912518,0.48497981398126966
123,2023-05-14,14402.076981107071,2394.615276160923,519.5710057575415,6348.422888911909,20615.92417911668,95170.36862077922,3820.585682614465,1248.458978735525,7773.93498770997,0.4955048426855305,0.526454665139739,0.3623999351758326,0.5150571485509893
124,2023-05-21,19117.406501677666,535.9837215743896,1921.886746339828,9251.776887716376,18011.714285582944,85736.6645362231,2446.2765628816223,2421.270337834038,10806.56388525837,0.46010274650998084,0.3803623682485062,0.582227675291495,0.6343397361532993
125,2023-05-28,27084.31154505025,790.1816012672906,1330.496878566496,6993.903967311937,20116.97085160884,87099.97672040641,2013.3198827081019,2299.0050137001112,9155.216744363612,0.46536848551331444,0.32558614257752916,0.5634029151839142,0.5735739795685186
126,2023-06-04,42720.59063689973,615.0066050543819,688.6927693558866,2935.1843256669126,18105.4454119953,103690.57434118421,1621.6665464084329,1608.294774835931,4766.227674539635,0.5254794448132324,0.2718755666593158,0.4399658584091173,0.3583536236721431
127,2023-06-11,44429.223330253735,601.8220057974254,1441.8911634899564,9518.656988907802,17685.087379542678,117012.62536908269,1412.6552790016417,2085.209073424329,10471.902523815728,0.5688179907836723,0.24148273381596308,0.528424200411964,0.622768000823574
128,2023-06-18,10278.085221247627,2638.651460027518,1350.8180087784228,7021.664424571343,19015.98922732964,92186.9229796055,3344.9790995283392,2184.9016381481542,9116.04492933449,0.48456728431692675,0.480274218212715,0.5450703864781588,0.5720160718772489
129,2023-06-25,30429.89210310263,2259.14464845006,908.8766206558288,4679.2449172566885,18964.265922384195,94960.73818882648,3931.6341982142294,1782.8372759150907,6502.453903123586,0.494743959359942,0.5366323875778982,0.4741170128413318,0.45411890457725845
130,2023-07-02,26696.44012595116,1685.434572718313,493.0479067393693,3114.176581307098,17515.736565118917,93168.95685812969,3651.2516718254274,1206.1828171054058,4414.667361931815,0.4881934340042987,0.5105030180801844,0.35260868584707217,0.33700577188163716
131,2023-07-09,18884.31241882921,744.5854016275036,1441.674432507759,8352.201514162367,15413.989586486698,84102.58221951999,2570.2112375402176,1924.1475593499215,9235.13498654873,0.4537227863329336,0.3952067297685464,0.5002343696318182,0.5767348539309058
132,2023-07-16,14794.614693347312,1729.039687792081,1184.5230915364486,6960.582047428108,15826.49364151664,73666.4222470113,3014.14530656219,1954.1821152764173,8807.609044737854,0.4111602880101677,0.44552050293456935,0.5056160691948118,0.5595487060903597
133,2023-07-23,23504.60685614512,1683.679426951414,1612.9412659505867,6267.688735810572,16496.13778117961,75071.10242905303,3190.752080232509,2394.6141120611537,8029.210544758143,0.41707676212908407,0.4643525236618933,0.5781939407276415,0.5264460457786344
134,2023-07-30,47716.38815650077,933.004674775038,1184.2779518903887,9151.14066440766,16964.70499440471,100266.15985683788,2528.3807148912924,2142.1235967148505,10756.982773359288,0.513652361619984,0.39023663894831695,0.5380007236997455,0.6326480143983959
135,2023-08-06,22928.117280830207,1584.6291230949323,1748.7085505415182,8308.777689796247,17613.034828278436,93114.42918061672,2848.8194805405783,2605.557989227458,10460.174244468104,0.48799276170891315,0.4272918427470642,0.6090793261614729,0.6223558917760388
136,2023-08-13,30751.624869734645,1496.2618359934336,1238.2416259166253,3213.399037862009,16241.86599941104,95931.72529616635,2920.6715762637227,2280.4648216076084,5305.433886755631,0.49825866921826034,0.43528667585226555,0.5604752063037246,0.3897679725600215
137,2023-08-20,38120.75835580711,2039.625245130541,1253.5945516101567,4493.776542364386,14973.939649340982,105272.96606312355,3499.9610332624025,2165.7804802532,5554.863319715512,0.530847049500417,0.4957971298405718,0.5419238211527349,0.4037748812196559
138,2023-08-27,24545.18409517176,2087.7341271691093,1790.3111245191865,3987.9131185157257,16616.95068400854,98236.26033935824,3837.7146438003106,2656.6233166204665,5098.8857824588285,0.5065028966588503,0.5280390137381681,0.616209570120126,0.37792036661159045
139,2023-09-03,48871.28330883843,613.2600244301113,985.9208725610748,7951.570340581416,16682.114631758697,117636.66554638918,2532.1173463302666,2048.5701992092613,8971.34749707318,0.5707480862481333,0.39068226290492203,0.5221545183041738,0.5662117843241632
140,2023-09-10,48497.891797684446,1436.531536566178,527.8258883660892,2268.259477886235,15615.276712320592,130843.55768015687,2702.590209731311,1347.253968049794,4062.528977300871,0.6096291379381823,0.41066993787160966,0.3847075726398371,0.31491079984990167
141,2023-09-17,20071.29183301457,2064.649789285591,348.93054973267624,6559.117478970532,16655.98759482226,111661.78220912436,3415.9448941512464,887.8321369525938,7371.623274430706,0.5519080405738673,0.48744055957954646,0.2738839393809067,0.4965498172173397
142,2023-09-24,29889.94023569542,1757.8406464502193,1583.7333346451524,8099.669485925524,17071.9032653526,108053.18778208247,3465.8130935258423,1938.86618942619,9573.994140811665,0.5401311603427648,0.4924172045429719,0.5028789873297841,0.5898789797027788
143,2023-10-01,22035.132392670785,2641.224602970806,1354.52623730089,9014.125094093995,17010.353751197075,97672.36384012851,4374.1311497337265,2130.072713071366,10928.923922256328,0.5044982213235203,0.575061255813587,0.5359893878895995,0.6384814333289802
144,2023-10-08,21393.619775098705,2146.7340790473627,1496.93560576868,4736.65398972726,15935.10902040197,89764.27446318866,4333.799653914226,2348.964690997226,6922.438774178525,0.4755114317875492,0.5716948150927268,0.5711954072821019,0.4750504515415269
145,2023-10-15,11475.477894181313,907.336067703574,662.0390745651482,8570.058437376103,13196.49273914244,74310.47001841337,3074.235894660687,1601.6249509640388,9954.546192211808,0.4138804174432342,0.4520012811220969,0.43861772827555645,0.6041543679812397
146,2023-10-22,34382.57335919587,676.4218685010746,531.8315084975086,2885.0538956416576,14880.891864564148,86399.90237208523,2213.5398158314183,1172.4814888831243,4875.96313408402,0.4626709230457544,0.35149455611909597,0.34469579185105714,0.36487528827933235
147,2023-10-29,30107.16092915446,2106.0481955157893,324.72593163539926,8771.618333876146,15973.956291143557,90587.09258961411,3212.8181034314985,793.718527188649,9746.81096069295,0.47860482720963493,0.4666600765870227,0.24882705929001536,0.596424457199854
148,2023-11-05,12059.150049999576,566.2782763540545,895.9988499712149,3019.9092986558594,14587.313329151748,75470.11486272945,2172.6873280698037,1213.4862608466744,4969.27149079445,0.41874652377891397,0.34629034854508545,0.35431085899900927,0.37036850634971796
149,2023-11-12,21145.858569464457,1964.4389531836584,1302.8600676528763,5178.298324482938,14193.025613543428,73974.93897337507,3050.7826172185605,1788.254571991546,6172.152622641828,0.41246487698717516,0.44948090374875993,0.4751429681873426,0.43707241860433765
150,2023-11-19,46330.63543866615,2850.575603562394,966.8148766695448,8378.36292623643,16213.22890029386,98113.0927200287,4375.966912171674,1682.1167054661632,9612.793450764795,0.5060657241077786,0.5752138543973053,0.45467254689167236,0.5913576934913742
151,2023-11-26,19582.475626678897,1938.6854446896973,1043.7073674403396,3199.3394187901904,17465.695554727798,88261.64053069899,4126.668900775534,1716.554049626805,5121.898108943149,0.46981482101363636,0.5539809489857614,0.46140037505836606,0.3792516594378209
152,2023-12-03,15795.794883648923,1470.4248155163048,1837.0697806393723,3834.011161861132,16183.123589785184,77578.9432551382,3533.759265904072,2523.6914004900946,4858.390783649762,0.42749229849349946,0.4991202790969508,0.5973708568010108,0.36383542472520003
153,2023-12-10,29578.11041110252,2108.220546105883,892.0342939396106,7778.020547144531,17954.268621071238,83883.37068969925,3875.100179057919,1901.5108541356485,8749.698703874483,0.45286120124176155,0.5314786143289202,0.4961395621321846,0.5571677168324434
154,2023-12-17,49426.01816442403,1645.6322262287915,1173.7821315716783,7760.292292368595,17947.169846871533,108144.37764721349,3583.182315757751,1934.3864732259376,9510.232033143491,0.5404325425749859,0.5039403187095938,0.5020755646713972,0.587437255957018
155,2023-12-24,19682.21086046001,1864.0419732898372,1632.2101216599433,7129.181063082378,18116.001971348865,95383.27521350945,3655.6331311687127,2405.9647109503185,9031.227469711077,0.49627644446669583,0.5109224566403758,0.5799163015894129,0.5686232528769926
156,2023-12-31,36885.42189623514,2853.662021941313,974.1227299461592,7551.5875557368,19677.75601727055,103653.71454569174,4681.478587525669,1936.5086143262865,9357.833049679015,0.525353684116989,0.5998611173381035,0.5024563255660577,0.5815421887249663
157,2024-01-07,40464.7846131487,1465.2565945019355,1357.547390387385,6341.79554678077,18134.56588065532,113022.38479513291,3805.99588826477,2132.1508361178994,8213.362156716572,0.5562697382644868,0.5251009838750543,0.5363368578458219,0.5344953767125038
158,2024-01-14,19505.501759695988,2902.9764095597857,1766.0183048694669,4014.392471255622,18955.13622170767,98621.17111628901,4805.974353692171,2618.8786393166265,5657.064902598936,0.507866610873172,0.609489924783519,0.6109519585071401,0.4094208135687174
159,2024-01-21,39128.65394447438,2763.37660489016,1914.185060217992,4765.567948031356,19106.47701295923,108163.47372587668,5166.363781736245,2961.7365159446426,5896.980928551143,0.540495630042019,0.6360768819078887,0.6561829961708984,0.4224653480483548
160,2024-01-28,24711.32530877013,989.4778369732412,550.0249175793645,3452.781734411405,17716.437448858323,100425.75691688381,3572.6597278413637,1734.7195239572216,4632.177920121634,0.5142100633757901,0.5029179929344617,0.46491575580968614,0.35029600539771777
161,2024-02-04,35292.233223743184,673.4032521879136,1875.1989627745404,9267.604490669026,18889.351262783428,105590.26306556184,2459.7331161085954,2569.0867723574293,10194.040074693352,0.5319160172871236,0.3819916107138691,0.6039059074359338,0.6128824731876505
162,2024-02-11,35341.18843043579,751.9450034435666,1136.597698235215,6667.134358128964,19180.33669805235,109254.37257632907,1981.8115614978642,2164.232407178187,8705.942373067635,0.54408527641821,0.3214157516610886,0.5416681209357392,0.5553601380353993
163,2024-02-18,31430.987362990338,545.5545641288743,739.0154601082293,5206.811334109119,17995.688552232292,107909.04816642069,1536.4603448778064,1604.7084229795041,6947.999808722647,0.53965437618276,0.2596353939723399,0.43924137422919884,0.47629815555316957
164,2024-02-25,13611.590802176332,736.107401889821,1080.5307856050442,5696.046429153062,19527.62957416125,89147.92451867081,1504.3375743287243,1722.4141547968459,7085.646390897591,0.47318223934524284,0.25496762027022446,0.4625369382116056,0.48296625558458006
165,2024-03-03,43412.09982356952,2207.516933540892,1966.055377985311,9578.266716894525,19534.431501857533,105815.6469866391,2959.685720705254,2655.0210399040493,10995.395995074043,0.5326738517430174,0.4395808467894736,0.615987833288535,0.6407117110977811
166,2024-03-10,22831.202598869437,677.9716211505724,1137.4507597878785,3226.8112249286414,18799.62871384294,96902.1554895168,2157.814481503199,2199.459175749498,5425.8904239434505,0.5017469348398954,0.3443853409507053,0.547451465733001,0.3965729196594949
167,2024-03-17,17460.74041599417,1297.439075734403,858.877737488764,6689.838656134378,18600.44870466722,85292.24925865592,2376.3463164860027,1738.6614077885633,7775.016740923068,0.4583750259436711,0.37182620067724903,0.4656755539191505,0.5151059833150989
168,2024-03-24,11631.005662190557,2612.1882774236365,1376.7814523384338,6047.109431075728,20713.273132391834,71335.5801432497,3800.3614356666376,2072.2460154538594,7602.112779260342,0.4012100568880578,0.5245771686856652,0.5262154083820599,0.5072376269524697
169,2024-03-31,33635.71772752967,558.1798393395646,708.2475519229282,6891.633883477182,19461.815940977736,83570.62382780446,2458.3605571728835,1537.145958104472,8412.056439329252,0.451629633696504,0.3818256255118544,0.42541648924826636,0.5430269876929258
170,2024-04-07,37102.5744736913,2536.17120647234,428.9676577847287,2144.881470566724,20166.935011923204,95602.01115315442,3765.3514850587817,1043.8260410265175,3827.2927584325744,0.4970679435539638,0.5213094438554036,0.3135885440427728,0.2997421251899314
171,2024-04-14,10663.513157114246,1204.6369369334998,519.0955272481037,8976.991271553212,17577.30011337079,77584.92096432233,3087.3126794628906,936.6259436587108,9742.449823239727,0.4275169013890362,0.45340154778667974,0.28654405433371755,0.5962605700180712
172,2024-04-21,30483.72233197124,795.4120690541406,517.6779262282132,9456.9462598689,19401.470890796605,84793.16700699687,2339.068408785586,892.3283036916976,11405.436224516847,0.4564281889005418,0.36722785345619025,0.2750598580863939,0.6541684212299386
173,2024-04-28,19059.83100791752,2241.8429134103767,558.2345789709004,6521.065468713671,20043.383472589598,78415.04791281532,3411.3771178031698,915.1659004475795,8802.15271361704,0.4309232676680439,0.4869822817675976,0.2810034209441956,0.5593249158604743
174,2024-05-05,35806.911616378,2072.35711694971,536.0061935039972,7573.206591015138,19708.412921625106,90697.44515534872,3778.0456758512946,902.072553683029,9333.637133738546,0.4790183092192265,0.5224968693214057,0.2776018185061123,0.5805985295221925
175,2024-05-12,16974.65716019966,2693.680033817632,1389.4870661654647,9379.995049418363,21017.452238995247,80462.86876894375,4582.7028717432795,1750.3160876386764,11246.722476166073,0.43923993396449756,0.5920529356238408,0.46791568877466105,0.6490205953845313
176,2024-05-19,37637.50952409864,2337.6776095097143,609.1961434785462,7657.909074507189,19331.85159023297,93961.51766235926,4629.029045381354,1309.3225785340169,9907.253569740404,0.4911013455676073,0.5957337950041,0.37623659346511695,0.6024077100500917
177,2024-05-26,25469.4138520215,2508.702325962121,887.6343816505674,3220.312343314091,20433.53027737532,91242.47621567297,4823.216848652798,1411.3634130641742,5201.763057262172,0.4810556917394252,0.6108051062687219,0.39876402398125044,0.38384988712219503
178,2024-06-02,47469.19954946938,1205.0864314282662,1824.54029684022,6610.306881334505,21720.02967426916,111338.93290044044,3616.6948557546652,2389.0856620658897,7650.65949278694,0.5508668012745728,0.5071822510201266,0.5773524879077654,0.5094596499446654
179,2024-06-09,15500.83776583973,943.598859449307,1105.7347884468832,6853.720371062847,18024.596119930065,93438.09079614803,2751.94628732664,2061.369053273239,8383.852269620234,0.4891827469167972,0.4163335002896845,0.524354088595967,0.5418255358518246
180,2024-06-16,23642.65404201034,2376.5368791021456,1434.8481554857462,5393.045370419088,18062.388197281394,89049.31759931394,3752.5100227654657,2259.395776795042,7069.815824343134,0.4728086442355742,0.5201052380573009,0.5571243234789931,0.4822037068289048
181,2024-06-23,14538.940849623565,2517.08684816816,592.9437810427708,7891.553884997783,19455.45843315647,76873.46316914332,4393.341859550893,1496.7020917607874,9305.51704986641,0.4245812641510528,0.5766554437069293,0.4169781642234204,0.5794991507283929
182,2024-06-30,46987.74473114251,2976.2628550016834,626.8913319747403,9474.93611815212,20505.139354145194,100799.16894954283,5172.933784777129,1225.5721686790553,11336.039528125402,0.5155124305862571,0.6365443821070123,0.35711782918996027,0.6519269183494354
183,2024-07-07,45093.57413523924,1531.5441922785662,369.4766476530141,9404.54810325421,17692.30329110376,115652.99239991923,4118.0110846671305,859.7055151246362,11671.75600887929,0.5645826727822554,0.5532247861412112,0.2664843453021164,0.6626373327436872
184,2024-07-14,20317.665108606227,1430.0452144819578,587.1896072226798,5606.714971233057,16796.522193868463,101274.75978854968,3489.050756815523,931.0718132725343,7941.066173008916,0.5171661176122754,0.494719696617665,0.2851141768955866,0.5225441167110669
185,2024-07-21,36399.361841367165,2441.032401854992,773.6035763543297,2905.904366726042,16660.653489924443,107291.69369335193,4185.557780262753,1146.0323016633433,4494.1176013278255,0.537606695789889,0.5590903838530302,0.3384179835939254,0.3418915306551271
186,2024-07-28,42688.88800804864,1352.0088506325446,600.9178232704696,9878.729591698677,15980.186080209383,117793.07359339499,3444.787740763921,1059.330743935807,10777.553111964242,0.571230485498524,0.4903248780895282,0.31741428552796536,0.633350828171314
187,2024-08-04,32208.03246397849,2826.893314008912,450.79430738699455,8711.184691567472,16567.020146598436,114663.18397935497,4549.287184390872,874.5266049613174,10866.695313960321,0.5614732311635382,0.5893770943478268,0.27039284999259083,0.6363809874431458
188,2024-08-11,31186.02313424026,2646.0318796075294,505.0809808710214,2997.301449626135,15633.425183342631,111450.25191978873,4920.675471802966,854.8916228555483,5170.640512418199,0.5512260954680025,0.6181559822803038,0.2652103630635285,0.3820620697493159
189,2024-08-18,19674.091636018067,1572.4850684375458,1083.3239056556338,9366.73506093898,15981.289688392726,97689.26797987017,4032.822804339029,1425.2805547978533,10400.863163422619,0.504558434472677,0.5457158416398395,0.40177277893136754,0.6202649096493411
190,2024-08-25,13724.110712235968,2377.177669478743,650.7673212898472,8959.170896497028,16173.356722111244,82106.59829814508,4393.589071648257,1220.8795432089887,11039.343529181551,0.4458274753507786,0.5766759194126981,0.3560294119823004,0.6421786825333113
191,2024-09-01,45888.63031813307,2386.3571852117057,919.2587637817282,6150.704457008577,17026.751729990465,103363.24912683462,4583.151721035834,1407.6105810653237,8358.573162844888,0.5243614880171825,0.5920887593677879,0.39795010978463463,0.5407460027988363
192,2024-09-08,46016.722286533215,757.8096720898316,1155.8093604532569,6730.203485959434,17835.828838942194,118370.99667531744,3049.3855326077487,1718.8535928793863,8401.918118528412,0.5730082387781448,0.4493304024878777,0.4618466560476794,0.5425954748194143
193,2024-09-15,35324.05829093071,2756.3822666989167,1473.671208669921,5192.021630961042,15767.564099233678,118183.75596365292,4281.075033002791,2161.2126458216753,6872.405254666724,0.5724330749663551,0.5672536753809965,0.5411689263854518,0.4725995679923126
194,2024-09-22,23561.191641948026,1763.1309311196428,366.83063772986816,2438.09311057625,16266.530004427928,106289.82081650506,3903.6684476210385,1231.3156960585384,3812.574161509595,0.53426421771065,0.5340900892133602,0.3584474913659824,0.2987819417768218
195,2024-09-29,23968.38298450644,2566.143665269354,1658.9976781453724,4681.577933167207,15996.82014663462,98371.25755605998,4517.977889079873,2151.523956568788,5444.092765469127,0.5069816128673827,0.5868540027529998,0.5395636226364727,0.3975946030722072
196,2024-10-06,39038.22715480957,1300.1240025765294,1367.4306621345431,8422.827588784092,16544.3450020801,107898.10744405154,3559.112947116466,2228.040244762058,9511.646141877918,0.539618166348687,0.5015987478140186,0.552090088488866,0.5874915655354596
197,2024-10-13,45884.410398103086,2738.808071240501,438.9903543130822,2037.056184036823,16581.097515064732,121413.08560893915,4518.364544798734,1330.2064522179055,3939.3854124124064,0.5822452284288264,0.5868852561511466,0.38091478493810027,0.3070116046031911
198,2024-10-20,45483.45697060469,1473.0041968354078,1785.0836609815212,4667.993373529153,15351.69880829905,130472.61689686209,3732.1864692347744,2317.1662418686833,5455.870456011635,0.6085867230026809,0.5181932063910931,0.5662518726114658,0.39825475383373676
199,2024-10-27,41195.02183430495,527.094128700746,1865.4830809040825,5185.349548727547,16655.89163209384,132525.85366210842,2393.187363318133,2792.3495776515556,6276.523639929874,0.6143219767352508,0.3738926239459184,0.6345351541233029,0.4425156454956597
200,2024-11-03,35681.26584617151,2763.454941048159,403.8325317532684,6299.164823503383,16956.81916940196,128449.3634096474,3960.0486227072256,1520.7723628138906,7554.469551489357,0.6028517993490312,0.5392012661952237,0.42201506920729137,0.5050471715586626
201,2024-11-10,13365.598599801951,728.2166919653339,770.6920018502464,9358.844931302085,16705.06919812234,103280.15298655511,2708.2410033189467,1379.0009469758027,10869.738841599956,0.5240772599048956,0.41132113678762494,0.3917089264880882,0.6364840010312982
202,2024-11-17,16465.14856378455,1298.2840939760372,1670.5421756482042,4770.76795492769,16302.58384569942,88761.25565437312,2652.4045956355103,2222.142554438525,6944.715723247681,0.4717157367969288,0.4048548347018962,0.5511368202553985,0.47613801653789456
203,2024-11-24,45942.16754108317,2875.1549176270123,1572.041473652219,4775.625615169822,19993.53815902049,108075.04649914434,4201.3572154447675,2460.8984954276293,6164.568759819358,0.540203421342659,0.5604512197088585,0.5881531890154011,0.4366748349465468
204,2024-12-01,34257.1623863836,2876.5178673438904,613.6857329058414,7900.009984877987,17385.02410990864,109909.69493578463,4977.196475066274,1598.045131076893,9132.923736841858,0.5462281443873578,0.622355335744238,0.4378928236593963,0.5726880579266648
205,2024-12-08,10367.882064665186,1933.5947203082155,655.8938496724074,5617.743527118457,16539.718790717954,87304.66851971443,4422.192957841353,1295.1119021031648,7444.328274486828,0.46615465273012946,0.5790384041849737,0.3730330675820521,0.499945945158649
206,2024-12-15,14058.861714641283,2079.5930304244985,929.8025747453494,3796.838583519856,15919.524757381672,75172.12967844137,4290.689509345175,1447.8473355866154,5285.704238417222,0.417499987437956,0.568066948272345,0.40661953610832335,0.38864609501301195
207,2024-12-22,36540.07076432224,1621.1138049457995,1123.6890748247365,5619.516129061547,17162.005176323895,89160.56153923119,3766.458559618387,1702.8280090593826,6676.656976744991,0.47323009847647723,0.5214131179809645,0.4587288026447931,0.4629004148786213
